{
	"views.nav.punchline": "Simuler",

	"views.main.tryAnyway": "Pas convaincu ? Testez le, ça prend 5 minutes",
	"views.main.cta3": "Faire une simulation",


	"views.footer.title2": "Contact",
	"views.footer.list2_1": "Email",
	"views.footer.list2_2": "Twitter",
	"views.footer.list2_3": "Facebook",
	"views.footer.list2_4": "Google +",

	"views.footer.title3": "A propos",
	"views.footer.list3_1": "L'équipe",
	"views.footer.list3_2": "Presse",

	"views.footer.title4": "Conditions",
	"views.footer.list4_1": "CGU",

	"views.cookie.info": "Ce site utilise des cookies pour rendre son site plus simple. <a href='/cookie' ui-sref='nav.cookies'>En savoir plus sur les cookies</a>.",

	"views.main.punchline": "Touchez simplement toutes vos prestations sociales",
	"views.main.subline": "Gagnez de l'argent simplement en moins de 5 minutes",
	"views.main.cta1": "Faire une simulation",

	"views.main.argTitle1": "Sécurité",
	"views.main.argText1": "Pas d'inquiétude, nous nous engageons à ne jamais dévoiler tes données !",

	"views.main.argTitle2": "Suivi",
	"views.main.argText2": "Donne nous ton avis, on améliorera le service en conséquence",

	"views.main.argTitle3": "Rapidité",
	"views.main.argText3": "Faîtes votre test en moins de 5 minutes. no bullshit.",

	"views.form.info.title": "Votre simulation",
	"views.form.info.back": "Retour au site",
	"views.form.info.validate": "Valider",
	"views.form.info.validateLabel": "Appuyer sur <b>entrer</b> pour passer à la suite",

	"views.form.loading.title": "Le saviez vous ?",
	"views.form.loading.lead": "10 milliard d'euros n'ont pas été réclamés en 2016 !",
	"views.form.loading.info": "Calculs compliqués",

	"views.form.question1.title": "Pour commencer,<br/> quelle est votre nationalité ?",
	"views.form.question1.answer1": "Française",
	"views.form.question1.answer2": "Européene",
	"views.form.question1.answer3": "Autre",

	"views.form.question1.label1": "Détenteur d'un <b>droit au séjour valide</b> et <b>résidant en France plus de 9 mois par an</b>.",
	"views.form.question1.label2": "Détenteur d'une <b>carte de résident</b> ou d'un <b>titre de séjour valide et résidant en France plus de 9 mois par an</b>.",

	"views.form.question2.title": "Êtes-vous... ?",
	"views.form.question2.answer1": "Seul",
	"views.form.question2.answer2": "En couple",

	"views.form.question3.title": "Votre date de naissance",

	"views.form.question4.title": "Êtes-vous... ?",
	"views.form.question4.desc": "Vous pouvez selectionner plusieurs cases",
	"views.form.question4.title2": "Plus précisement ?",
	"views.form.question4.desc2": "",
	"views.form.question4.answer1": "Enceinte",
	"views.form.question4.answer2": "Chômeur",
	"views.form.question4.answer3": "Etudiant",
	"views.form.question4.answer4": "Retraité",
	"views.form.question4.answer5": "Handicapé",
	"views.form.question4.answer6": "Invalide",
	"views.form.question4.checkbox1": "Êtes-vous étudiant boursier ?",
	"views.form.question4.checkbox2": "Avez-vous travaillé au moins 5 ans entre depuis le premier janvier 2012 ?",
	"views.form.question4.date1": "Dernier mois travaillé",
	"views.form.question4.slider1": "Votre taux d'incapacité ?",

	"views.form.question5.title": "Votre domicile",
	"views.form.question5.title2": "Plus précisement ?",
	"views.form.question5.desc2": "",
	"views.form.question5.label1": "Code postal",
	"views.form.question5.label2": "Loyer total",
	"views.form.question5.label3": "Loyer sans charges",
	"views.form.question5.geoloc": "Cliquez sur l'icone pour vous géolocaliser",

	"views.form.question5-1.title": "Est-ce une collocation ?",
	"views.form.question5-1.answer1": "Oui",
	"views.form.question5-1.answer2": "Non",
	"views.form.question5-2.title": "Est-il meublé ?",
	"views.form.question5-2.answer1": "Oui",
	"views.form.question5-2.answer2": "Non",
	"views.form.question5-3.title": "Votre code postal",
	"views.form.question5-4.checkbox": "Avez-vous un lien de parenté direct avec votre propriétaire ?",

	"views.form.question6.title": "Vos revenus de l'année dernière ?",
	"views.form.question6.desc": "",

	"views.result.title": "Vous avez le droit à",
	"views.result.currency": " €",
	"views.result.desc": "Lorem ipsum ascim emeter dolor ipsum ascim emeter dolor ipsum ascim emeter dolor ipsum ascim emeter dolor ipsum ascim emeter dolor ipsum ascim emeter dolor ipsum ascim emeter dolor",
	"views.result.cta1": "Partager",
	"views.result.cta2": "Soumettre un dossier à la CAF",
	"views.result.timer": "Formulaire terminé en",
	"views.result.social": "<b>Partagez</b> le sur les réseaux sociaux !",

	"views.result.result.apl": "Aides au logement",
	"views.result.result.rsa": "Revenu de solidarité active",
	"views.result.month": "/ mois",

	"views.result.modal.demand": "Faire la demande",
	"views.result.modal.title1": "Faire la demande",
	"views.result.modal.desc": " Cette fonctionnalité n'est pas encore disponible, mais on y travaille. Donnez nous votre email pour vous tenir informé",
	"views.result.modal.thanks": "Merci !",
	"views.result.modal.or": "ou",
	"views.result.modal.cafLink": "Sur le site de la CAF",


	"views.result.modal-2.title1": "Qu'est ce qu'un meublé ?",
	"views.result.modal-2.desc1": " Ton logement doit être équipé dans chaque pièce du mobilier nécessaire à son usage (ex: la chambre doit comporter un sommier avec matelas).<br/> <br/> Ce n’est pas parce que ta cuisine est équipée que le logement est meublé, si d’autres pièces sont nues.<br/><br/>  En cas de doute, cette information figure sur le bail que tu as signé.",
	"views.result.modal-2.title2": "Pourquoi cette question ?",
	"views.result.modal-2.desc2": "Pour calculer le montant de l’APL, la Caf soustrait du loyer brut le coût des meubles, estimé à environs 30% du loyer.<br/><br/>  Pour cette raison, à loyer égal, la Caf verse pour un meublé environs 70% de l’aide qu’elle aurait versé pour un non-meublé.",


	"directives.language-select.Language": "fr"
}
