{
    "views.nav.punchline": "Симуляция",
    "views.footer.title2": "Контакт",
    "views.footer.list2_1": "Эл. почта",
    "views.footer.list2_2": "Твиттер",
    "views.footer.list2_3": "Фэйсбук",
    "views.footer.list2_4": "Google+",
    "views.footer.title3": "О проекте",
    "views.footer.list3_1": "Наша команда",
    "views.footer.list3_2": "Пресса",
    "views.footer.title4": "Условия",
    "views.footer.list4_1": "Условия и положения",
    "views.cookie.info": "Этот сайт использует файлы-cookies, чтобы повысить эффективность. <a href='/cookie' ui-sref='nav.cookies'>Что такое cookies?</a>.",
    "views.main.punchline": "Не упустите ваше социальное пособие",
    "views.main.subline": "Подача заявления на получение денежных пособий занимает менее чем пять минут.",
    "views.main.cta1": "Провести симуляцию",
    "views.main.argTitle1": "Безопасно",
    "views.main.argText1": "Lorem ipsum dolor ascim emet lorem ascim emet ipsum loremLorem ipsum dolor ascim emet lorem ascim emet ipsum lorem",
    "views.main.argTitle2": "Легко",
    "views.main.argText2": "Lorem ipsum dolor ascim emet lorem ascim emet ipsum loremLorem ipsum dolor ascim emet lorem ascim emet ipsum lorem",
    "views.main.argTitle3": "Быстро",
    "views.main.argText3": "Lorem ipsum dolor ascim emet lorem ascim emet ipsum loremLorem ipsum dolor ascim emet lorem ascim emet ipsum lorem",
    "views.form.info.title": "Ваша симуляция",
    "views.form.info.back": "Вернуться на главную страницу",
    "views.form.info.validate": "Отправить",
    "views.form.info.validateLabel": "Для продолжения нажмите <b>ввод</b>",
    "views.form.loading.title": "А вы знали?",
    "views.form.loading.lead": "10 миллиардов евро остались невостребованными в 2016 году!",
    "views.form.loading.info": "Сложные вычисления",
    "views.form.question1.title": "Прежде всего,<br/> какая ваша национальность?",
    "views.form.question1.answer1": "Французская",
    "views.form.question1.answer2": "Европейская",
    "views.form.question1.answer3": "Другая",
    "views.form.question1.label1": "Вы имеете <b> действительный вид на жительство </b>, и вы живете во Франции, <b>по крайней мере, 9 месяцев в году.</b>.",
    "views.form.question1.label2": "Вы имеете <b>эквивалент вида на жительство </b>, и вы живете во Франции, <b>по крайней мере, 9 месяцев в году.</b>.",
    "views.form.question2.title": "Ваше семейное положение?",
    "views.form.question2.answer1": "Не женат / Не замужем",
    "views.form.question2.answer2": "Женат / Замужем",
    "views.form.question3.title": "Ваша дата рождения",
    "views.form.question4.title": "Вы...?",
    "views.form.question4.desc": "Выберите все подходящие варианты",
    "views.form.question4.title2": "Точнее...",
    "views.form.question4.desc2": "",
    "views.form.question4.answer1": "Беременны",
    "views.form.question4.answer2": "Безработны",
    "views.form.question4.answer3": "Студент",
    "views.form.question4.answer4": "Пенсионер",
    "views.form.question4.answer5": "Инвалид",
    "views.form.question4.answer6": "Не в состоянии работать",
    "views.form.question4.checkbox1": "Вы получили стипендию?",
    "views.form.question4.checkbox2": "Работали ли вы 5 лет (или более) с 1 января 2012 года?",
    "views.form.question4.date1": "Последний месяц, когда вы работали.",
    "views.form.question4.slider1": "Степень вашей инвалидности?",
    "views.form.question5.title": "Ваш домашний адрес",
    "views.form.question5.title2": "Точнее...",
    "views.form.question5.desc2": "",
    "views.form.question5.label1": "Почтовый индекс",
    "views.form.question5.label2": "Общая сумма арендной платы ",
    "views.form.question5.label3": "Сумма арендной платы без коммунальных платежей",
    "views.form.question5.geoloc": "Нажмите на иконкуопределить Ваше местоположение",
    "views.form.question5-1.title": "Разделяете ли вы ваше место жительства?",
    "views.form.question5-1.answer1": "Да",
    "views.form.question5-1.answer2": "Нет",
    "views.form.question5-2.title": "Мебель - Включена?",
    "views.form.question5-2.answer1": "Да",
    "views.form.question5-2.answer2": "Нет",
    "views.form.question5-3.title": "Почтовый индекс",
    "views.form.question5-4.checkbox": "У вас есть прямой контакт с вашим арендодателем?",
    "views.form.question6.title": "Ваш чистый доход в прошлом году?",
    "views.form.question6.desc": "",
    "views.result.title": "Вы имеете право на",
    "views.result.currency": " €",
    "views.result.desc": "Lorem ipsum ascim emeter dolor ipsum ascim emeter dolor ipsum ascim emeter dolor ipsum ascim emeter dolor ipsum ascim emeter dolor ipsum ascim emeter dolor ipsum ascim emeter dolor",
    "views.result.cta1": "Выложить",
    "views.result.cta2": "Подать на CAF (КАФ)",
    "views.result.timer": "Форма заполнена в течение х минут",
    "views.result.social": "<b>Выложите</b> на вашей странице!",

    "directives.language-select.Language": "ru"
}
