{
	"views.nav.punchline": "Simulate",

	"views.footer.title2": "Contact",
	"views.footer.list2_1": "Email",
	"views.footer.list2_2": "Twitter",
	"views.footer.list2_3": "Facebook",
	"views.footer.list2_4": "Google +",

	"views.footer.title3": "About Us",
	"views.footer.list3_1": "The Team",
	"views.footer.list3_2": "Press",

	"views.footer.title4": "Conditions",
	"views.footer.list4_1": "Terms and Conditions",

	"views.cookie.info": "This site uses cookies to help you. <a href='/cookie' ui-sref='nav.cookies'>Learn more about cookies.</a>.",

	"views.main.punchline": "Paperwork: without the paper or the work",
	"views.main.subline": "Earn money in just five minutes",
	"views.main.cta1": "Try the simulation",

	"views.main.argTitle1": "Security",
	"views.main.argText1": "Lorem ipsum dolor ascim emet lorem ascim emet ipsum loremLorem ipsum dolor ascim emet lorem ascim emet ipsum lorem",

	"views.main.argTitle2": "Simplicity",
	"views.main.argText2": "Lorem ipsum dolor ascim emet lorem ascim emet ipsum loremLorem ipsum dolor ascim emet lorem ascim emet ipsum lorem",

	"views.main.argTitle3": "Speed",
	"views.main.argText3": "Lorem ipsum dolor ascim emet lorem ascim emet ipsum loremLorem ipsum dolor ascim emet lorem ascim emet ipsum lorem",

	"views.form.info.title": "Your simulation",
	"views.form.info.back": "Return to site",
	"views.form.info.validate": "Submit",
	"views.form.info.validateLabel": "Press <b>enter</b> to continue",

	"views.form.loading.title": "Did you know?",
	"views.form.loading.lead": "10 million euros were left unclaimed in 2016!",
	"views.form.loading.info": "Complicated calculations",

	"views.form.question1.title": "To begin,<br/> what is your nationality?",
	"views.form.question1.answer1": "French",
	"views.form.question1.answer2": "European",
	"views.form.question1.answer3": "Other",

	"views.form.question1.label1": "Holder of a valid <b>residence permit</b> and <b>living in France for at least 9 months a year</b>.",
	"views.form.question1.label2": "Holder of a valid <b>resident card</b> or a <b>valid residence permit and living in France for at least 9 months a year</b>.",

	"views.form.question2.title": "Your relationship status?",
	"views.form.question2.answer1": "Single",
	"views.form.question2.answer2": "In a couple",

	"views.form.question3.title": "Your date of birth",

	"views.form.question4.title": "Are you...?",
	"views.form.question4.desc": "Please select all that apply",
	"views.form.question4.title2": "More precisely...",
	"views.form.question4.desc2": "",
	"views.form.question4.answer1": "Pregnant",
	"views.form.question4.answer2": "Unemployed",
	"views.form.question4.answer3": "Student",
	"views.form.question4.answer4": "Retired",
	"views.form.question4.answer5": "Handicapped",
	"views.form.question4.answer6": "Unable to work",
	"views.form.question4.checkbox1": "Are you a scholarship student?",
	"views.form.question4.checkbox2": "Have you worked at least 5 years since January 1st, 2012?",
	"views.form.question4.date1": "Last month worked",
	"views.form.question4.slider1": "Your level of disability?",

	"views.form.question5.title": "Your home address",
	"views.form.question5.title2": "More precisely...",
	"views.form.question5.desc2": "",
	"views.form.question5.label1": "ZIP code",
	"views.form.question5.label2": "Total (warm) rent",
	"views.form.question5.label3": "Basic (cold) rent",
	"views.form.question5.geoloc": "Click on the icon to find your location",

	"views.form.question5-1.title": "Do you live in a shared residence?",
	"views.form.question5-1.answer1": "Yes",
	"views.form.question5-1.answer2": "No",
	"views.form.question5-2.title": "Is it furnished?",
	"views.form.question5-2.answer1": "Yes",
	"views.form.question5-2.answer2": "No",
	"views.form.question5-3.title": "Your ZIP code",
	"views.form.question5-4.checkbox": "Do you have a direct contact with your landlord?",

	"views.form.question6.title": "Your net income last year?",
	"views.form.question6.desc": "",

	"views.result.title": "You qualify for",
	"views.result.currency": " €",
	"views.result.desc": "Lorem ipsum ascim emeter dolor ipsum ascim emeter dolor ipsum ascim emeter dolor ipsum ascim emeter dolor ipsum ascim emeter dolor ipsum ascim emeter dolor ipsum ascim emeter dolor",
	"views.result.cta1": "Share",
	"views.result.cta2": "Submit your application to the CAF",
	"views.result.timer": "Form completed in",
	"views.result.social": "<b>Share</b> on social networks!",

	"directives.language-select.Language": "en"
}
