{
	"views.nav.punchline": "Simulieren",

	"views.footer.title2": "Kontakt",
	"views.footer.list2_1": "E-mail",
	"views.footer.list2_2": "Twitter",
	"views.footer.list2_3": "Facebook",
	"views.footer.list2_4": "Google+",

	"views.footer.title3": "Über das Projekt",
	"views.footer.list3_1": "Unser Team",
	"views.footer.list3_2": "Presse",

	"views.footer.title4": "Bedingungen",
	"views.footer.list4_1": "Geschäftsbedingungen",

	"views.main.cookie.info": "Diese Website verwendet Cookies, um effizient zu arbeiten.",

	"views.main.punchline": "Papierkram, ohne Papier, ohne Arbeit",
	"views.main.subline": "Verdienen Sie Geld in nur fünf Minuten",
    "views.main.cta1": "Probieren Sie die Simulation",
    "views.main.argTitle1": "Sicher",
    "views.main.argText1": "Lorem ipsum dolor ascim emet lorem ascim emet ipsum loremLorem ipsum dolor ascim emet lorem ascim emet ipsum lorem",
    "views.main.argTitle2": "Einfach",
    "views.main.argText2": "Lorem ipsum dolor ascim emet lorem ascim emet ipsum loremLorem ipsum dolor ascim emet lorem ascim emet ipsum lorem",
    "views.main.argTitle3": "Schnell",
    "views.main.argText3": "Lorem ipsum dolor ascim emet lorem ascim emet ipsum loremLorem ipsum dolor ascim emet lorem ascim emet ipsum lorem",
    "views.form.info.title": "Ihre Simulation",
    "views.form.info.back": "Zurück zur Startseite",
    "views.form.info.validate": "Senden",
    "views.form.info.validateLabel": "Drücken Sie Enter, um weiterzumachen",
		"views.form.loading.title": "Wussten Sie?",
    "views.form.loading.lead": "10 Millionen Euro wurden im Jahr 2016 nicht beansprucht!",
    "views.form.loading.info": "Komplizierte Berechnungen",
    "views.form.question1.title": "Erstens, was ist Ihre Nationalität?",
    "views.form.question1.answer1": "Französische",
    "views.form.question1.answer2": "Europäische",
    "views.form.question1.answer3": "Andere",
    "views.form.question1.label1": "Sie haben eine <b>gültige Aufenthaltserlaubnis</b> und leben in Frankreich für <b>mindestens 9 Monate im Jahr.</b>",
    "views.form.question1.label2": "Sie haben <b>ein anderes Dokument wie eine Aufenthaltserlaubnis</b>, und Sie leben in Frankreich für <b>mindestens 9 Monate im Jahr</b>.",
    "views.form.question2.title": "Ihr Beziehungsstatus?",
    "views.form.question2.answer1": "Unverheiratet",
    "views.form.question2.answer2": "Verheiratet",
    "views.form.question3.title": "Dein Geburtsdatum",
    "views.form.question4.title": "Sie sind...?",
    "views.form.question4.desc": "Wählen Sie alle zutreffenden Antworten",
    "views.form.question4.title2": "Genauer...",
    "views.form.question4.desc2": "",
    "views.form.question4.answer1": "Schwanger",
    "views.form.question4.answer2": "Arbeitslos",
    "views.form.question4.answer3": "Student(in)",
    "views.form.question4.answer4": "Rentner(in)",
    "views.form.question4.answer5": "Behindert",
    "views.form.question4.answer6": "Unfähig zu arbeiten",
    "views.form.question4.checkbox1": "Haben Sie ein Stipendium erhalten?",
    "views.form.question4.checkbox2": "Haben Sie mindestens 5 Jahre seit dem 1. Januar 2012 gearbeitet?",
    "views.form.question4.date1": "Letzten Monat gearbeitet",
    "views.form.question4.slider1": "Das Ausmaß Ihrer Behinderung?",
    "views.form.question5.title": "Ihre Heimatadresse",
    "views.form.question5.title2": "Genauer...",
    "views.form.question5.desc2": "",
    "views.form.question5.label1": "Postleitzahl",
    "views.form.question5.label2": "Warmmiete",
    "views.form.question5.label3": "Kaltmiete",
    "views.form.question5.geoloc": "Klicken Sie auf das Symbol, um Ihren Standort zu finden",
    "views.form.question5-1.title": "Wohnen Sie in einer Wohngemeinschaft?",
    "views.form.question5-1.answer1": "Ja",
    "views.form.question5-1.answer2": "Nein",
    "views.form.question5-2.title": "Ist Ihr Wohnsitz möbliert?",
    "views.form.question5-2.answer1": "Ja",
    "views.form.question5-2.answer2": "Nein",
    "views.form.question5-3.title": "Postleitzahl",
    "views.form.question5-4.checkbox": "Sind Sie in direktem Kontakt mit Ihrem Vermieter?",
    "views.form.question6.title": "Ihr Nettoeinkommen im vergangenen Jahr?",
    "views.form.question6.desc": "",
    "views.result.title": "Sie qualifizieren sich für",
    "views.result.currency": " €",
    "views.result.desc": "Lorem ipsum ascim emeter dolor ipsum ascim emeter dolor ipsum ascim emeter dolor ipsum ascim emeter dolor ipsum ascim emeter dolor ipsum ascim emeter dolor ipsum ascim emeter dolor",
    "views.result.cta1": "Teilen",
    "views.result.cta2": "Bewerben Sie sich auf das CAF",
    "views.result.timer": "Form in x Minuten abgeschlossen",
    "views.result.social": "<b>Teilen</b> auf sozialen Netzwerken!",

    "directives.language-select.Language": "de"
}
